,postUrl
0,https://www.linkedin.com/feed/update/urn:li:activity:7100184585304494080
1,https://www.linkedin.com/feed/update/urn:li:activity:7099523961297793025
2,https://www.linkedin.com/feed/update/urn:li:activity:7099858942691835904
3,https://www.linkedin.com/feed/update/urn:li:activity:7098093505750716416
4,https://www.linkedin.com/feed/update/urn:li:activity:7097635078817681408
5,https://www.linkedin.com/feed/update/urn:li:activity:7095082870167277568
6,https://www.linkedin.com/feed/update/urn:li:activity:7097653552780607488
7,https://www.linkedin.com/feed/update/urn:li:activity:7094821980394188801
8,https://www.linkedin.com/feed/update/urn:li:activity:7090037842407534592
9,https://www.linkedin.com/feed/update/urn:li:activity:7064403706091302912
10,https://www.linkedin.com/feed/update/urn:li:activity:7095844098477101056
11,https://www.linkedin.com/feed/update/urn:li:activity:7094779514886500354
12,https://www.linkedin.com/feed/update/urn:li:activity:7090392762759446528
13,https://www.linkedin.com/feed/update/urn:li:activity:7082433013426376704
14,https://www.linkedin.com/feed/update/urn:li:activity:7077721957017792512
15,https://www.linkedin.com/feed/update/urn:li:activity:7076272632794411008
16,https://www.linkedin.com/feed/update/urn:li:activity:7075547670894809090
17,https://www.linkedin.com/feed/update/urn:li:activity:7074460483294003201
18,https://www.linkedin.com/feed/update/urn:li:activity:7071561390913683457
19,https://www.linkedin.com/feed/update/urn:li:activity:7092959744646123521
20,https://www.linkedin.com/feed/update/urn:li:activity:7067943971641028608
21,https://www.linkedin.com/feed/update/urn:li:activity:7085331888864694273
22,https://www.linkedin.com/feed/update/urn:li:activity:7067644076069675008
23,https://www.linkedin.com/feed/update/urn:li:activity:7081708369555689472
24,https://www.linkedin.com/feed/update/urn:li:activity:7064689299056668674
25,https://www.linkedin.com/feed/update/urn:li:activity:7066859450346696706
26,https://www.linkedin.com/feed/update/urn:li:activity:7073011181640155136
27,https://www.linkedin.com/feed/update/urn:li:activity:7062139322694565888
28,https://www.linkedin.com/feed/update/urn:li:activity:7043352422844428289
29,https://www.linkedin.com/feed/update/urn:li:activity:7088231921738027009
30,https://www.linkedin.com/feed/update/urn:li:activity:7067937644143415296
31,https://www.linkedin.com/feed/update/urn:li:activity:7087507140696838146
32,https://www.linkedin.com/feed/update/urn:li:activity:7039323963050655744
33,https://www.linkedin.com/feed/update/urn:li:activity:7055616351616319490
34,https://www.linkedin.com/feed/update/urn:li:activity:7084916218956021761
35,https://www.linkedin.com/feed/update/urn:li:activity:7084607033714364416
36,https://www.linkedin.com/feed/update/urn:li:activity:7084282655441113088
37,https://www.linkedin.com/feed/update/urn:li:activity:7047281658407911425
38,https://www.linkedin.com/feed/update/urn:li:activity:7086782121062645760
39,https://www.linkedin.com/feed/update/urn:li:activity:7082814118914654209
40,https://www.linkedin.com/feed/update/urn:li:activity:7083157785965727745
41,https://www.linkedin.com/feed/update/urn:li:activity:7032438720184160256
42,https://www.linkedin.com/feed/update/urn:li:activity:7077077164902264832
43,https://www.linkedin.com/feed/update/urn:li:activity:7003085178180956160
44,https://www.linkedin.com/feed/update/urn:li:activity:7085713727592804353
45,https://www.linkedin.com/feed/update/urn:li:activity:7085694730340093952
46,https://www.linkedin.com/feed/update/urn:li:activity:7082070608175394816
47,https://www.linkedin.com/feed/update/urn:li:activity:7064015232515350528
48,https://www.linkedin.com/feed/update/urn:li:activity:7060314756733145089
49,https://www.linkedin.com/feed/update/urn:li:activity:6988574574288285696
50,https://www.linkedin.com/feed/update/urn:li:activity:7070146006935339008
51,https://www.linkedin.com/feed/update/urn:li:activity:6979122320426602496
52,https://www.linkedin.com/feed/update/urn:li:activity:7064361103719370753
53,https://www.linkedin.com/feed/update/urn:li:activity:6978790793780043776
54,https://www.linkedin.com/feed/update/urn:li:activity:7012144860392562688
55,https://www.linkedin.com/feed/update/urn:li:activity:7061837971016085504
56,https://www.linkedin.com/feed/update/urn:li:activity:7080258685897244672
57,https://www.linkedin.com/feed/update/urn:li:activity:7065057183213785088
58,https://www.linkedin.com/feed/update/urn:li:activity:7061379096836014080
59,https://www.linkedin.com/feed/update/urn:li:activity:7079896999138918401
60,https://www.linkedin.com/feed/update/urn:li:activity:6969730410725462017
61,https://www.linkedin.com/feed/update/urn:li:activity:7054169217155149825
62,https://www.linkedin.com/feed/update/urn:li:activity:7043295077519028224
63,https://www.linkedin.com/feed/update/urn:li:activity:7078084340118654976
64,https://www.linkedin.com/feed/update/urn:li:activity:7072289214695964672
65,https://www.linkedin.com/feed/update/urn:li:activity:6991111325544300544
66,https://www.linkedin.com/feed/update/urn:li:activity:7077897810968240128
67,https://www.linkedin.com/feed/update/urn:li:activity:7051643934594269184
68,https://www.linkedin.com/feed/update/urn:li:activity:6987849851174629376
69,https://www.linkedin.com/feed/update/urn:li:activity:7077359560717451265
70,https://www.linkedin.com/feed/update/urn:li:activity:7049801500415426560
71,https://www.linkedin.com/feed/update/urn:li:activity:6983190686812577792
72,https://www.linkedin.com/feed/update/urn:li:activity:7076634777449070592
73,https://www.linkedin.com/feed/update/urn:li:activity:7059268274802352128
74,https://www.linkedin.com/feed/update/urn:li:activity:7053448691126333440
75,https://www.linkedin.com/feed/update/urn:li:activity:7046559208984481792
76,https://www.linkedin.com/feed/update/urn:li:activity:7067221198312542208
77,https://www.linkedin.com/feed/update/urn:li:activity:7046155529286496256
78,https://www.linkedin.com/feed/update/urn:li:activity:6976624828044767232
79,https://www.linkedin.com/feed/update/urn:li:activity:7079171976962998273
80,https://www.linkedin.com/feed/update/urn:li:activity:6975166260812677121
81,https://www.linkedin.com/feed/update/urn:li:activity:6974079169521496064
82,https://www.linkedin.com/feed/update/urn:li:activity:7044018280461733888
83,https://www.linkedin.com/feed/update/urn:li:activity:7043987790455324672
84,https://www.linkedin.com/feed/update/urn:li:activity:7041568221602205696
85,https://www.linkedin.com/feed/update/urn:li:activity:7033855924251357185
86,https://www.linkedin.com/feed/update/urn:li:activity:7039706193690247168
87,https://www.linkedin.com/feed/update/urn:li:activity:7061740430551371776
88,https://www.linkedin.com/feed/update/urn:li:activity:7038980737936605184
89,https://www.linkedin.com/feed/update/urn:li:activity:7036491862840360960
90,https://www.linkedin.com/feed/update/urn:li:activity:7072613252874080256
91,https://www.linkedin.com/feed/update/urn:li:activity:7031318093075267584
92,https://www.linkedin.com/feed/update/urn:li:activity:7024544990705946624
93,https://www.linkedin.com/feed/update/urn:li:activity:7028815165806583808
94,https://www.linkedin.com/feed/update/urn:li:activity:7028415965092605953
95,https://www.linkedin.com/feed/update/urn:li:activity:7034618769805115392
96,https://www.linkedin.com/feed/update/urn:li:activity:7010704908173664256
97,https://www.linkedin.com/feed/update/urn:li:activity:7023762497769791488
98,https://www.linkedin.com/feed/update/urn:li:activity:7074822866629783552
99,https://www.linkedin.com/feed/update/urn:li:activity:7070474247776735232
